host_species,genus,rho,p,n_colonies
Pocillopora favosa,Pocillopora,0.7378000995841381,7.453711714150758e-6,28
Stylophora pistillata,Stylophora,0.35464968280759523,0.4350657676903052,7
