host_species,host_species_md,metric,method,statistic_name,statistic_value,p_value,shapiro_trapezia_p,shapiro_alpheus_p,levene_p,n_trapezia,n_alpheus,mean_trapezia,mean_alpheus,median_trapezia,median_alpheus,sd_trapezia,sd_alpheus
Pocillopora favosa,*Pocillopora favosa*,Occurrence,Wilcoxon rank-sum,W,3632.5,3.180820780736814e-11,4.8162915332151186e-4,1.1844100099222726e-6,0.9513614671689579,66,66,0.6554243414537533,0.2613458560651074,0.7165775401069518,0.17647058823529413,0.279127641123687,0.2757451137071759
Pocillopora favosa,*Pocillopora favosa*,Mean abundance,Wilcoxon rank-sum,W,3510,1.2156697776146314e-9,0.03059245519339356,6.034832670060865e-8,0.13468752754818167,66,66,1.5229514395289796,0.5794295450044114,1.4625668449197862,0.2540106951871658,0.884849881778265,0.7110138986507399
Pocillopora favosa,*Pocillopora favosa*,Intensity,Wilcoxon rank-sum,W,1728.5,0.08157411510152622,1.4843013282064477e-9,1.8058551461760604e-5,0.7129940386338083,63,46,2.266296670183225,1.9590938047459787,2,2,0.9771604826127113,0.7506982295283392
Stylophora pistillata,*Stylophora pistillata*,Occurrence,Wilcoxon rank-sum,W,4640,3.662285574762931e-24,8.771087462161148e-5,1.3568145380347574e-15,8.591823481524834e-16,69,69,0.678910890899382,0.010838779956427017,0.75,0,0.2618320284406809,0.033176736303505296
Stylophora pistillata,*Stylophora pistillata*,Mean abundance,Wilcoxon rank-sum,W,4627,6.739351040340566e-24,0.06067606598338335,9.757749890465202e-17,6.283181965661284e-17,69,69,1.2574656528940416,0.024490859145590602,1.25,0,0.5775458915562207,0.09735548916087959
Stylophora pistillata,*Stylophora pistillata*,Intensity,Wilcoxon rank-sum,W,290,0.6536225321722593,5.892858199883837e-4,0.007731864520550172,2.7248692635017365e-6,66,8,1.8110543299045974,2,1.8452380952380953,1.5,0.37774864156539856,1.3093073414159542
